{"cameraMode":{"drawMode":0,"name":"Shaded","section":"Shading Mode"},"sceneLighting":true,"audioPlay":false,"sceneViewState":{"m_AlwaysRefresh":false,"showFog":true,"showSkybox":true,"showFlares":true,"showImageEffects":true,"showParticleSystems":true,"showVisualEffectGraphs":true,"m_FxEnabled":true},"in2DMode":false,"pivot":{"x":384.7142028808594,"y":-485.8097229003906,"z":1096.1978759765625},"rotation":{"x":0.1981900930404663,"y":-0.05470073223114014,"z":0.011104230768978596,"w":0.9786691069602966},"size":948.2513427734375,"orthographic":false}